{"cameraMode":{"drawMode":0,"name":"Shaded","section":"Shading Mode"},"sceneLighting":false,"audioPlay":false,"sceneViewState":{"m_AlwaysRefresh":false,"showFog":true,"showSkybox":false,"showFlares":true,"showImageEffects":true,"showParticleSystems":true,"showVisualEffectGraphs":true,"m_FxEnabled":true},"in2DMode":false,"pivot":{"x":-0.5669100880622864,"y":1.4153913259506226,"z":9.726555824279786},"rotation":{"x":0.5031757354736328,"y":0.01814519613981247,"z":-0.010568263940513134,"w":0.8639291524887085},"size":14.490979194641114,"orthographic":true}