{"cameraMode":{"drawMode":0,"name":"Shaded","section":"Shading Mode"},"sceneLighting":false,"audioPlay":false,"sceneViewState":{"m_AlwaysRefresh":false,"showFog":true,"showSkybox":false,"showFlares":true,"showImageEffects":true,"showParticleSystems":true,"showVisualEffectGraphs":true,"m_FxEnabled":true},"in2DMode":false,"pivot":{"x":-3.0892863273620607,"y":3.8331589698791506,"z":-0.10274362564086914},"rotation":{"x":0.4221844971179962,"y":-0.10297233611345291,"z":0.048338018357753757,"w":0.8993464112281799},"size":4.687732696533203,"orthographic":false}