{"cameraMode":{"drawMode":0,"name":"Shaded","section":"Shading Mode"},"sceneLighting":false,"audioPlay":false,"sceneViewState":{"m_AlwaysRefresh":false,"showFog":true,"showSkybox":false,"showFlares":true,"showImageEffects":true,"showParticleSystems":true,"showVisualEffectGraphs":true,"m_FxEnabled":true},"in2DMode":false,"pivot":{"x":0.5292859077453613,"y":-0.9562559127807617,"z":0.24157679080963136},"rotation":{"x":0.015051929280161858,"y":0.9621610045433044,"z":-0.0543210431933403,"w":0.2665930390357971},"size":0.9585691690444946,"orthographic":false}