{"cameraMode":{"drawMode":0,"name":"Shaded","section":"Shading Mode"},"sceneLighting":false,"audioPlay":false,"sceneViewState":{"m_AlwaysRefresh":false,"showFog":true,"showSkybox":false,"showFlares":true,"showImageEffects":true,"showParticleSystems":true,"showVisualEffectGraphs":true,"m_FxEnabled":true},"in2DMode":false,"pivot":{"x":0.09670352935791016,"y":5.803018569946289,"z":0.02407979965209961},"rotation":{"x":0.4322156310081482,"y":0.13440479338169099,"z":-0.0653236135840416,"w":0.889303982257843},"size":17.556285858154298,"orthographic":false}