{"cameraMode":{"drawMode":0,"name":"Shaded","section":"Shading Mode"},"sceneLighting":false,"audioPlay":false,"sceneViewState":{"m_AlwaysRefresh":false,"showFog":true,"showSkybox":false,"showFlares":true,"showImageEffects":true,"showParticleSystems":true,"showVisualEffectGraphs":true,"m_FxEnabled":true},"in2DMode":false,"pivot":{"x":1.051950454711914,"y":12.401166915893555,"z":0.00012254714965820313},"rotation":{"x":0.4322156310081482,"y":0.13440479338169099,"z":-0.0653236135840416,"w":0.889303982257843},"size":21.8734188079834,"orthographic":false}