{"cameraMode":{"drawMode":0,"name":"Shaded","section":"Shading Mode"},"sceneLighting":false,"audioPlay":false,"sceneViewState":{"m_AlwaysRefresh":false,"showFog":true,"showSkybox":false,"showFlares":true,"showImageEffects":true,"showParticleSystems":true,"showVisualEffectGraphs":true,"m_FxEnabled":true},"in2DMode":false,"pivot":{"x":1.9716110229492188,"y":4.0202531814575199,"z":3.7609171867370607},"rotation":{"x":0.27332842350006106,"y":-0.06486889719963074,"z":0.018477927893400193,"w":0.9595542550086975},"size":7.23816442489624,"orthographic":false}