{"cameraMode":{"drawMode":0,"name":"Shaded","section":"Shading Mode"},"sceneLighting":false,"audioPlay":false,"sceneViewState":{"m_AlwaysRefresh":false,"showFog":true,"showSkybox":false,"showFlares":true,"showImageEffects":true,"showParticleSystems":true,"showVisualEffectGraphs":true,"m_FxEnabled":true},"in2DMode":false,"pivot":{"x":3.7060658931732179,"y":0.6039521098136902,"z":3.161491870880127},"rotation":{"x":0.3703870475292206,"y":-0.018112940713763238,"z":0.00722188176587224,"w":0.9286774396896362},"size":5.161362648010254,"orthographic":true}